split,path_a,path_b,label
train,data/segmented/data/drive/id_503_IMG_20251024_173127381.jpg,data/segmented/data/drive/id_503_IMG_20251024_173105755.jpg,1
train,data/segmented/data/drive/id_503_IMG_20251024_173015384.jpg,data/segmented/data/drive/id_503_IMG_20251024_173134403.jpg,1
train,data/segmented/data/drive/id_503_IMG_20251024_172941692.jpg,data/segmented/data/drive/id_503_IMG_20251024_173127381.jpg,1
train,data/segmented/data/drive/id_503_IMG_20251024_173127381.jpg,data/segmented/data/drive/id_503_IMG_20251024_173232220.jpg,1
train,data/segmented/data/drive/id_503_IMG_20251024_173143132.jpg,data/segmented/data/drive/id_503_IMG_20251024_173255607.jpg,1
train,data/segmented/data/drive/id_503_IMG_20251024_173105755.jpg,data/segmented/data/TAMPAR/id_07_20230523_162538.jpg,0
train,data/segmented/data/drive/id_503_IMG_20251024_172846097.jpg,data/segmented/data/TAMPAR/id_04_20230523_160721.jpg,0
train,data/segmented/data/drive/id_503_IMG_20251024_173107773.jpg,data/segmented/data/TAMPAR/id_07_20230523_160810.jpg,0
train,data/segmented/data/drive/id_503_IMG_20251024_172850072.jpg,data/segmented/data/TAMPAR/id_29_20230524_101722.jpg,0
train,data/segmented/data/drive/id_503_IMG_20251024_173048544.jpg,data/segmented/data/TAMPAR/id_02_20230523_141518.jpg,0
validation,data/segmented/data/drive/id_502_IMG_20251025_183631202.jpg,data/segmented/data/drive/id_502_IMG_20251025_183421433.jpg,1
validation,data/segmented/data/drive/id_502_IMG_20251025_183535182.jpg,data/segmented/data/drive/id_502_IMG_20251025_183540920.jpg,1
validation,data/segmented/data/drive/id_502_IMG_20251025_183519139.jpg,data/segmented/data/drive/id_502_IMG_20251025_183627903.jpg,1
validation,data/segmented/data/drive/id_502_IMG_20251025_183415648.jpg,data/segmented/data/drive/id_502_IMG_20251025_183443794.jpg,1
validation,data/segmented/data/drive/id_502_IMG_20251025_183417824.jpg,data/segmented/data/drive/id_502_IMG_20251025_183529631.jpg,1
validation,data/segmented/data/drive/id_502_IMG_20251025_183542974.jpg,data/segmented/data/TAMPAR/id_24_20230524_101804.jpg,0
validation,data/segmented/data/drive/id_502_IMG_20251025_183502583.jpg,data/segmented/data/TAMPAR/id_21_20230523_171822.jpg,0
validation,data/segmented/data/drive/id_502_IMG_20251025_183443794.jpg,data/segmented/data/TAMPAR/id_13_20230523_191746.jpg,0
validation,data/segmented/data/drive/id_502_IMG_20251025_183535182.jpg,data/segmented/data/TAMPAR/id_28_20230524_105020.jpg,0
validation,data/segmented/data/drive/id_502_IMG_20251025_183458624.jpg,data/segmented/data/TAMPAR/id_02_20230523_141538.jpg,0
train,data/segmented/data/drive/id_103_IMG_20251017_145042.jpg,data/segmented/data/drive/id_103_IMG_20251017_145012(1).jpg,1
train,data/segmented/data/drive/id_103_IMG_20251017_145003.jpg,data/segmented/data/drive/id_103_IMG_4795.jpg,1
train,data/segmented/data/drive/id_103_IMG_20251017_145005(1).jpg,data/segmented/data/drive/id_103_IMG_4794.jpg,1
train,data/segmented/data/drive/id_103_IMG_20251017_144950.jpg,data/segmented/data/drive/id_103_IMG_20251017_145010.jpg,1
train,data/segmented/data/drive/id_103_IMG_20251017_144940.jpg,data/segmented/data/drive/id_103_IMG_20251017_145043.jpg,1
train,data/segmented/data/drive/id_103_IMG_20251017_145027.jpg,data/segmented/data/TAMPAR/id_28_20230524_105017.jpg,0
train,data/segmented/data/drive/id_103_IMG_20251017_145043.jpg,data/segmented/data/drive/id_501_IMG_3885(1).jpg,0
train,data/segmented/data/drive/id_103_IMG_20251017_145053(1).jpg,data/segmented/data/TAMPAR/id_22_20230524_102318.jpg,0
train,data/segmented/data/drive/id_103_IMG_20251017_145042.jpg,data/segmented/data/TAMPAR/id_16_20230524_104226.jpg,0
train,data/segmented/data/drive/id_103_IMG_20251017_145030.jpg,data/segmented/data/TAMPAR/id_17_20230524_104042.jpg,0
validation,data/segmented/data/drive/id_102_IMG_4781.jpg,data/segmented/data/drive/id_102_IMG_4782.jpg,1
validation,data/segmented/data/drive/id_102_IMG_4779.jpg,data/segmented/data/drive/id_102_IMG_4781.jpg,1
validation,data/segmented/data/drive/id_102_IMG_4782.jpg,data/segmented/data/drive/id_102_IMG_4781.jpg,1
validation,data/segmented/data/drive/id_102_IMG_4781.jpg,data/segmented/data/drive/id_102_IMG_4779.jpg,1
validation,data/segmented/data/drive/id_102_IMG_4782.jpg,data/segmented/data/drive/id_102_IMG_4781.jpg,1
validation,data/segmented/data/drive/id_102_IMG_4779.jpg,data/segmented/data/TAMPAR/id_22_20230524_102311.jpg,0
validation,data/segmented/data/drive/id_102_IMG_4781.jpg,data/segmented/data/TAMPAR/id_00_20230512_102428.jpg,0
validation,data/segmented/data/drive/id_102_IMG_4781.jpg,data/segmented/data/TAMPAR/id_03_20230523_162930.jpg,0
validation,data/segmented/data/drive/id_102_IMG_4782.jpg,data/segmented/data/TAMPAR/id_17_20230523_190953.jpg,0
validation,data/segmented/data/drive/id_102_IMG_4779.jpg,data/segmented/data/drive/id_106_IMG_20251020_141617_BURST10.jpg,0
train,data/segmented/data/drive/id_105_IMG_20251012_154930_363.jpg,data/segmented/data/drive/id_105_IMG_20251012_154930_258.jpg,1
train,data/segmented/data/drive/id_105_IMG_20251012_154930_363.jpg,data/segmented/data/drive/id_105_IMG_20251012_154930_258.jpg,1
train,data/segmented/data/drive/id_105_IMG_20251012_154930_258.jpg,data/segmented/data/drive/id_105_IMG_20251012_154930_363.jpg,1
train,data/segmented/data/drive/id_105_IMG_20251012_154930_258.jpg,data/segmented/data/drive/id_105_IMG_20251012_154930_363.jpg,1
train,data/segmented/data/drive/id_105_IMG_20251012_154930_258.jpg,data/segmented/data/drive/id_105_IMG_20251012_154930_363.jpg,1
train,data/segmented/data/drive/id_105_IMG_20251012_154930_258.jpg,data/segmented/data/TAMPAR/id_02_20230523_160414.jpg,0
train,data/segmented/data/drive/id_105_IMG_20251012_154930_363.jpg,data/segmented/data/TAMPAR/id_09_20230523_141301.jpg,0
train,data/segmented/data/drive/id_105_IMG_20251012_154930_363.jpg,data/segmented/data/TAMPAR/id_11_20230523_191335.jpg,0
train,data/segmented/data/drive/id_105_IMG_20251012_154930_258.jpg,data/segmented/data/drive/id_106_IMG_20251020_141630_BURST15.jpg,0
train,data/segmented/data/drive/id_105_IMG_20251012_154930_258.jpg,data/segmented/data/drive/id_121_IMG_0705.jpg,0
test,data/segmented/data/drive/id_501_IMG_3889(1).jpg,data/segmented/data/drive/id_501_IMG_3886.jpg,1
test,data/segmented/data/drive/id_501_IMG_3882.jpg,data/segmented/data/drive/id_501_IMG_3887.jpg,1
test,data/segmented/data/drive/id_501_IMG_3892.jpg,data/segmented/data/drive/id_501_IMG_3885(1).jpg,1
test,data/segmented/data/drive/id_501_IMG_3901.jpg,data/segmented/data/drive/id_501_IMG_3888.jpg,1
test,data/segmented/data/drive/id_501_IMG_3884.jpg,data/segmented/data/drive/id_501_IMG_3885.jpg,1
test,data/segmented/data/drive/id_501_IMG_3894.jpg,data/segmented/data/TAMPAR/id_25_20230523_191911.jpg,0
test,data/segmented/data/drive/id_501_IMG_3882(1).jpg,data/segmented/data/TAMPAR/id_21_20230524_104753.jpg,0
test,data/segmented/data/drive/id_501_IMG_3889(1).jpg,data/segmented/data/TAMPAR/id_13_20230524_100332.jpg,0
test,data/segmented/data/drive/id_501_IMG_3903.jpg,data/segmented/data/TAMPAR/id_03_20230523_160643.jpg,0
test,data/segmented/data/drive/id_501_IMG_3889(1).jpg,data/segmented/data/TAMPAR/id_13_20230524_103730.jpg,0
train,data/segmented/data/drive/id_107_PXL_20251027_125722695.jpg,data/segmented/data/drive/id_107_PXL_20251027_125733472.MP.jpg,1
train,data/segmented/data/drive/id_107_PXL_20251027_125733472.MP.jpg,data/segmented/data/drive/id_107_PXL_20251027_125722695.jpg,1
train,data/segmented/data/drive/id_107_PXL_20251027_125705463.jpg,data/segmented/data/drive/id_107_PXL_20251027_125728042.jpg,1
train,data/segmented/data/drive/id_107_PXL_20251027_125702958.jpg,data/segmented/data/drive/id_107_PXL_20251027_125656688.jpg,1
train,data/segmented/data/drive/id_107_PXL_20251027_125647101.jpg,data/segmented/data/drive/id_107_PXL_20251027_125705463.jpg,1
train,data/segmented/data/drive/id_107_PXL_20251027_125705463.jpg,data/segmented/data/TAMPAR/id_08_20230523_160337.jpg,0
train,data/segmented/data/drive/id_107_PXL_20251027_125656688.jpg,data/segmented/data/TAMPAR/id_00_20230512_102342.jpg,0
train,data/segmented/data/drive/id_107_PXL_20251027_125656688.jpg,data/segmented/data/TAMPAR/id_22_20230523_190823.jpg,0
train,data/segmented/data/drive/id_107_PXL_20251027_125715530.jpg,data/segmented/data/drive/id_110_signal-2024-08-12-12-08-03-175.jpg,0
train,data/segmented/data/drive/id_107_PXL_20251027_125715530.jpg,data/segmented/data/drive/id_503_IMG_20251024_172941692.jpg,0
train,data/segmented/data/drive/id_121_IMG_0705.jpg,data/segmented/data/drive/id_121_IMG_0706.jpg,1
train,data/segmented/data/drive/id_121_IMG_0706.jpg,data/segmented/data/drive/id_121_IMG_0704.jpg,1
train,data/segmented/data/drive/id_121_IMG_0704.jpg,data/segmented/data/drive/id_121_IMG_0705.jpg,1
train,data/segmented/data/drive/id_121_IMG_0706.jpg,data/segmented/data/drive/id_121_IMG_0704.jpg,1
train,data/segmented/data/drive/id_121_IMG_0706.jpg,data/segmented/data/drive/id_121_IMG_0705.jpg,1
train,data/segmented/data/drive/id_121_IMG_0704.jpg,data/segmented/data/drive/id_106_IMG_20251020_141624_BURST16.jpg,0
train,data/segmented/data/drive/id_121_IMG_0704.jpg,data/segmented/data/TAMPAR/id_23_20230523_191706.jpg,0
train,data/segmented/data/drive/id_121_IMG_0705.jpg,data/segmented/data/TAMPAR/id_17_20230524_095751.jpg,0
train,data/segmented/data/drive/id_121_IMG_0704.jpg,data/segmented/data/TAMPAR/id_25_20230523_185657.jpg,0
train,data/segmented/data/drive/id_121_IMG_0704.jpg,data/segmented/data/TAMPAR/id_01_20230516_142137.jpg,0
train,data/segmented/data/drive/id_114_IMG_20240904_184140_990.jpg,data/segmented/data/drive/id_114_IMG_20240828_171313_264.jpg,1
train,data/segmented/data/drive/id_114_IMG_20240904_184140_990.jpg,data/segmented/data/drive/id_114_IMG_20240828_171313_264.jpg,1
train,data/segmented/data/drive/id_114_IMG_20240904_184140_990.jpg,data/segmented/data/drive/id_114_IMG_20240828_171313_264.jpg,1
train,data/segmented/data/drive/id_114_IMG_20240904_184140_990.jpg,data/segmented/data/drive/id_114_IMG_20240828_171313_264.jpg,1
train,data/segmented/data/drive/id_114_IMG_20240904_184140_990.jpg,data/segmented/data/drive/id_114_IMG_20240828_171313_264.jpg,1
train,data/segmented/data/drive/id_114_IMG_20240828_171313_264.jpg,data/segmented/data/TAMPAR/id_24_20230523_171651.jpg,0
train,data/segmented/data/drive/id_114_IMG_20240904_184140_990.jpg,data/segmented/data/TAMPAR/id_12_20230523_171543.jpg,0
train,data/segmented/data/drive/id_114_IMG_20240904_184140_990.jpg,data/segmented/data/TAMPAR/id_12_20230523_191121.jpg,0
train,data/segmented/data/drive/id_114_IMG_20240904_184140_990.jpg,data/segmented/data/TAMPAR/id_02_20230523_155203.jpg,0
train,data/segmented/data/drive/id_114_IMG_20240828_171313_264.jpg,data/segmented/data/TAMPAR/id_18_20230523_185632.jpg,0
train,data/segmented/data/drive/id_122_IMG_0708.jpg,data/segmented/data/drive/id_122_signal-2025-12-05-202419.jpeg,1
train,data/segmented/data/drive/id_122_IMG_0708.jpg,data/segmented/data/drive/id_122_signal-2025-12-05-202419.jpeg,1
train,data/segmented/data/drive/id_122_IMG_0708.jpg,data/segmented/data/drive/id_122_signal-2025-12-05-202419.jpeg,1
train,data/segmented/data/drive/id_122_IMG_0707.jpg,data/segmented/data/drive/id_122_signal-2025-12-05-202419.jpeg,1
train,data/segmented/data/drive/id_122_IMG_0708.jpg,data/segmented/data/drive/id_122_IMG_0707.jpg,1
train,data/segmented/data/drive/id_122_IMG_0707.jpg,data/segmented/data/TAMPAR/id_20_20230523_191504.jpg,0
train,data/segmented/data/drive/id_122_signal-2025-12-05-202419.jpeg,data/segmented/data/TAMPAR/id_24_20230523_171647.jpg,0
train,data/segmented/data/drive/id_122_IMG_0707.jpg,data/segmented/data/TAMPAR/id_06_20230523_155302.jpg,0
train,data/segmented/data/drive/id_122_IMG_0707.jpg,data/segmented/data/TAMPAR/id_27_20230524_102333.jpg,0
train,data/segmented/data/drive/id_122_signal-2025-12-05-202419.jpeg,data/segmented/data/TAMPAR/id_14_20230523_172532.jpg,0
train,data/segmented/data/drive/id_109_media-1723458528488-Aug_12_2024_12_28(1).jpg,data/segmented/data/drive/id_109_media-1723458312354-Aug_12_2024_12_23.jpg,1
train,data/segmented/data/drive/id_109_media-1723458528488-Aug_12_2024_12_28.jpg,data/segmented/data/drive/id_109_media-1723458528488-Aug_12_2024_12_28(1).jpg,1
train,data/segmented/data/drive/id_109_media-1723458528488-Aug_12_2024_12_28(1).jpg,data/segmented/data/drive/id_109_media-1723458528488-Aug_12_2024_12_28.jpg,1
train,data/segmented/data/drive/id_109_media-1723458528488-Aug_12_2024_12_28.jpg,data/segmented/data/drive/id_109_media-1723458312354-Aug_12_2024_12_23.jpg,1
train,data/segmented/data/drive/id_109_media-1723458312354-Aug_12_2024_12_23.jpg,data/segmented/data/drive/id_109_media-1723458528488-Aug_12_2024_12_28.jpg,1
train,data/segmented/data/drive/id_109_media-1723458312354-Aug_12_2024_12_23.jpg,data/segmented/data/TAMPAR/id_17_20230524_102223.jpg,0
train,data/segmented/data/drive/id_109_media-1723458312354-Aug_12_2024_12_23.jpg,data/segmented/data/drive/id_101_IMG_5521.jpg,0
train,data/segmented/data/drive/id_109_media-1723458528488-Aug_12_2024_12_28(1).jpg,data/segmented/data/TAMPAR/id_02_20230523_155155.jpg,0
train,data/segmented/data/drive/id_109_media-1723458312354-Aug_12_2024_12_23.jpg,data/segmented/data/TAMPAR/id_15_20230523_171934.jpg,0
train,data/segmented/data/drive/id_109_media-1723458528488-Aug_12_2024_12_28.jpg,data/segmented/data/TAMPAR/id_13_20230524_102407.jpg,0
train,data/segmented/data/drive/id_100_20251105_165600.jpg,data/segmented/data/drive/id_100_20251105_165659.jpg,1
train,data/segmented/data/drive/id_100_20251105_165633.jpg,data/segmented/data/drive/id_100_20251105_165659.jpg,1
train,data/segmented/data/drive/id_100_20251105_165639.jpg,data/segmented/data/drive/id_100_20251105_165626.jpg,1
train,data/segmented/data/drive/id_100_20251105_165600.jpg,data/segmented/data/drive/id_100_20251105_165644.jpg,1
train,data/segmented/data/drive/id_100_20251105_165639.jpg,data/segmented/data/drive/id_100_20251105_165619.jpg,1
train,data/segmented/data/drive/id_100_20251105_165654.jpg,data/segmented/data/TAMPAR/id_16_20230524_104216.jpg,0
train,data/segmented/data/drive/id_100_20251105_165650.jpg,data/segmented/data/TAMPAR/id_05_20230523_141428.jpg,0
train,data/segmented/data/drive/id_100_20251105_165600.jpg,data/segmented/data/TAMPAR/id_19_20230523_191612.jpg,0
train,data/segmented/data/drive/id_100_20251105_165626.jpg,data/segmented/data/TAMPAR/id_11_20230524_101022.jpg,0
train,data/segmented/data/drive/id_100_20251105_165659.jpg,data/segmented/data/TAMPAR/id_16_20230524_101637.jpg,0
train,data/segmented/data/drive/id_104_IMG_20240828_171313_366.jpg,data/segmented/data/drive/id_104_IMG_20240813_161024_675.jpg,1
train,data/segmented/data/drive/id_104_IMG_20240813_161024_675.jpg,data/segmented/data/drive/id_104_IMG_20240828_171313_366.jpg,1
train,data/segmented/data/drive/id_104_IMG_20240813_161028_783.jpg,data/segmented/data/drive/id_104_IMG_20240828_171313_366.jpg,1
train,data/segmented/data/drive/id_104_IMG_20240813_161024_675.jpg,data/segmented/data/drive/id_104_IMG_20240828_171313_366.jpg,1
train,data/segmented/data/drive/id_104_IMG_20240813_161024_675.jpg,data/segmented/data/drive/id_104_IMG_20240813_161028_783.jpg,1
train,data/segmented/data/drive/id_104_IMG_20240813_161024_675.jpg,data/segmented/data/TAMPAR/id_15_20230524_095928.jpg,0
train,data/segmented/data/drive/id_104_IMG_20240828_171313_366.jpg,data/segmented/data/TAMPAR/id_15_20230524_101917.jpg,0
train,data/segmented/data/drive/id_104_IMG_20240813_161024_675.jpg,data/segmented/data/TAMPAR/id_08_20230523_141132.jpg,0
train,data/segmented/data/drive/id_104_IMG_20240813_161028_783.jpg,data/segmented/data/drive/id_122_signal-2025-12-05-202419.jpeg,0
train,data/segmented/data/drive/id_104_IMG_20240813_161024_675.jpg,data/segmented/data/TAMPAR/id_12_20230523_191100.jpg,0
train,data/segmented/data/drive/id_106_IMG_20251020_141617_BURST7.jpg,data/segmented/data/drive/id_106_IMG_20251020_141630_BURST8.jpg,1
train,data/segmented/data/drive/id_106_IMG_20251020_141630_BURST1.jpg,data/segmented/data/drive/id_106_IMG_20251020_141617_BURST15.jpg,1
train,data/segmented/data/drive/id_106_IMG_20251020_141617_BURST16.jpg,data/segmented/data/drive/id_106_IMG_20251020_141630_BURST18.jpg,1
train,data/segmented/data/drive/id_106_IMG_20251020_141624_BURST2.jpg,data/segmented/data/drive/id_106_IMG_20251020_141624_BURST11.jpg,1
train,data/segmented/data/drive/id_106_IMG_20251020_141630_BURST5.jpg,data/segmented/data/drive/id_106_IMG_20251020_141630_BURST13.jpg,1
train,data/segmented/data/drive/id_106_IMG_20251020_141630_BURST16.jpg,data/segmented/data/TAMPAR/id_00_20230523_162423.jpg,0
train,data/segmented/data/drive/id_106_IMG_20251020_141624_BURST13.jpg,data/segmented/data/TAMPAR/id_04_20230523_141229.jpg,0
train,data/segmented/data/drive/id_106_IMG_20251020_141624_BURST10.jpg,data/segmented/data/TAMPAR/id_22_20230524_104154.jpg,0
train,data/segmented/data/drive/id_106_IMG_20251020_141624_BURST11.jpg,data/segmented/data/TAMPAR/id_10_20230524_100254.jpg,0
train,data/segmented/data/drive/id_106_IMG_20251020_141617_BURST11.jpg,data/segmented/data/TAMPAR/id_01_20230516_142657.jpg,0
validation,data/segmented/data/drive/id_110_IMG_20251012_154929_884.jpg,data/segmented/data/drive/id_110_media-1724403493628-Aug_22_2024_11_21.jpg,1
validation,data/segmented/data/drive/id_110_media-1724403493628-Aug_22_2024_11_21.jpg,data/segmented/data/drive/id_110_IMG_20251012_154929_884.jpg,1
validation,data/segmented/data/drive/id_110_media-1724403493628-Aug_22_2024_11_21.jpg,data/segmented/data/drive/id_110_signal-2024-08-12-12-08-03-175.jpg,1
validation,data/segmented/data/drive/id_110_signal-2024-08-12-12-08-03-175.jpg,data/segmented/data/drive/id_110_signal-2024-08-12-12-08-03-175(1).jpg,1
validation,data/segmented/data/drive/id_110_signal-2024-08-12-12-08-03-175(1).jpg,data/segmented/data/drive/id_110_IMG_20251012_154929_884.jpg,1
validation,data/segmented/data/drive/id_110_media-1724403493628-Aug_22_2024_11_21.jpg,data/segmented/data/drive/id_106_IMG_20251020_141617_BURST14.jpg,0
validation,data/segmented/data/drive/id_110_media-1724403493628-Aug_22_2024_11_21.jpg,data/segmented/data/drive/id_105_IMG_20251012_154930_363.jpg,0
validation,data/segmented/data/drive/id_110_signal-2024-08-12-12-08-03-175.jpg,data/segmented/data/TAMPAR/id_04_20230523_155614.jpg,0
validation,data/segmented/data/drive/id_110_media-1724403493628-Aug_22_2024_11_21.jpg,data/segmented/data/TAMPAR/id_23_20230524_103821.jpg,0
validation,data/segmented/data/drive/id_110_media-1724403493628-Aug_22_2024_11_21.jpg,data/segmented/data/drive/id_121_IMG_0705.jpg,0
train,data/segmented/data/drive/id_101_IMG_4765.jpg,data/segmented/data/drive/id_101_IMG_4775.jpg,1
train,data/segmented/data/drive/id_101_IMG_5527.jpg,data/segmented/data/drive/id_101_IMG_5523.jpg,1
train,data/segmented/data/drive/id_101_IMG_5521.jpg,data/segmented/data/drive/id_101_IMG_4764.jpg,1
train,data/segmented/data/drive/id_101_IMG_5527.jpg,data/segmented/data/drive/id_101_IMG_5522.jpg,1
train,data/segmented/data/drive/id_101_IMG_5521.jpg,data/segmented/data/drive/id_101_IMG_4774.jpg,1
train,data/segmented/data/drive/id_101_IMG_5523.jpg,data/segmented/data/TAMPAR/id_19_20230524_100958.jpg,0
train,data/segmented/data/drive/id_101_IMG_4765.jpg,data/segmented/data/TAMPAR/id_12_20230524_103637.jpg,0
train,data/segmented/data/drive/id_101_IMG_5523.jpg,data/segmented/data/drive/id_109_media-1723458528488-Aug_12_2024_12_28.jpg,0
train,data/segmented/data/drive/id_101_IMG_5523.jpg,data/segmented/data/TAMPAR/id_04_20230523_162633.jpg,0
train,data/segmented/data/drive/id_101_IMG_4762.jpg,data/segmented/data/drive/id_106_IMG_20251020_141624_BURST6.jpg,0
validation,data/segmented/data/drive/id_108_IMG_20251012_154916_139.jpg,data/segmented/data/drive/id_108_IMG_20251012_154930_188.jpg,1
validation,data/segmented/data/drive/id_108_IMG_20251012_154930_216.jpg,data/segmented/data/drive/id_108_IMG_20251012_154930_188.jpg,1
validation,data/segmented/data/drive/id_108_IMG_20251012_154929_892.jpg,data/segmented/data/drive/id_108_IMG_20251012_154916_139.jpg,1
validation,data/segmented/data/drive/id_108_IMG_20251012_154916_139.jpg,data/segmented/data/drive/id_108_IMG_20251012_154929_892.jpg,1
validation,data/segmented/data/drive/id_108_IMG_20251012_154929_892.jpg,data/segmented/data/drive/id_108_IMG_20251012_154916_139.jpg,1
validation,data/segmented/data/drive/id_108_IMG_20251012_154930_188.jpg,data/segmented/data/TAMPAR/id_27_20230524_103941.jpg,0
validation,data/segmented/data/drive/id_108_IMG_20251012_154916_139.jpg,data/segmented/data/TAMPAR/id_19_20230523_172928.jpg,0
validation,data/segmented/data/drive/id_108_IMG_20251012_154916_139.jpg,data/segmented/data/drive/id_110_media-1724403493628-Aug_22_2024_11_21.jpg,0
validation,data/segmented/data/drive/id_108_IMG_20251012_154916_139.jpg,data/segmented/data/TAMPAR/id_03_20230523_141749.jpg,0
validation,data/segmented/data/drive/id_108_IMG_20251012_154916_139.jpg,data/segmented/data/drive/id_503_IMG_20251024_172837371.jpg,0
train,data/segmented/data/TAMPAR/id_29_20230524_101708.jpg,data/segmented/data/TAMPAR/id_29_20230523_185227.jpg,1
train,data/segmented/data/TAMPAR/id_29_20230523_191820.jpg,data/segmented/data/TAMPAR/id_29_20230523_171240.jpg,1
train,data/segmented/data/TAMPAR/id_29_20230523_185227.jpg,data/segmented/data/TAMPAR/id_29_20230524_101722.jpg,1
train,data/segmented/data/TAMPAR/id_29_20230524_104113.jpg,data/segmented/data/TAMPAR/id_29_20230523_191837.jpg,1
train,data/segmented/data/TAMPAR/id_29_20230524_101722.jpg,data/segmented/data/TAMPAR/id_29_20230523_171305.jpg,1
train,data/segmented/data/TAMPAR/id_29_20230524_104104.jpg,data/segmented/data/TAMPAR/id_18_20230523_191042.jpg,0
train,data/segmented/data/TAMPAR/id_29_20230523_171310.jpg,data/segmented/data/drive/id_100_20251105_165650.jpg,0
train,data/segmented/data/TAMPAR/id_29_20230524_100155.jpg,data/segmented/data/drive/id_122_IMG_0708.jpg,0
train,data/segmented/data/TAMPAR/id_29_20230523_171324.jpg,data/segmented/data/TAMPAR/id_19_20230523_191552.jpg,0
train,data/segmented/data/TAMPAR/id_29_20230524_104104.jpg,data/segmented/data/TAMPAR/id_27_20230524_103955.jpg,0
test,data/segmented/data/TAMPAR/id_23_20230523_172815.jpg,data/segmented/data/TAMPAR/id_23_20230524_102703.jpg,1
test,data/segmented/data/TAMPAR/id_23_20230523_191631.jpg,data/segmented/data/TAMPAR/id_23_20230523_191636.jpg,1
test,data/segmented/data/TAMPAR/id_23_20230523_172815.jpg,data/segmented/data/TAMPAR/id_23_20230523_172835.jpg,1
test,data/segmented/data/TAMPAR/id_23_20230523_191713.jpg,data/segmented/data/TAMPAR/id_23_20230523_172835.jpg,1
test,data/segmented/data/TAMPAR/id_23_20230523_191631.jpg,data/segmented/data/TAMPAR/id_23_20230523_191702.jpg,1
test,data/segmented/data/TAMPAR/id_23_20230523_191640.jpg,data/segmented/data/drive/id_106_IMG_20251020_141624_BURST5.jpg,0
test,data/segmented/data/TAMPAR/id_23_20230524_103800.jpg,data/segmented/data/TAMPAR/id_04_20230523_160721.jpg,0
test,data/segmented/data/TAMPAR/id_23_20230524_100901.jpg,data/segmented/data/TAMPAR/id_18_20230523_185627.jpg,0
test,data/segmented/data/TAMPAR/id_23_20230524_103813.jpg,data/segmented/data/TAMPAR/id_24_20230523_185543.jpg,0
test,data/segmented/data/TAMPAR/id_23_20230524_100840.jpg,data/segmented/data/drive/id_503_IMG_20251024_173027871.jpg,0
train,data/segmented/data/TAMPAR/id_12_20230524_103659.jpg,data/segmented/data/TAMPAR/id_12_20230524_102113.jpg,1
train,data/segmented/data/TAMPAR/id_12_20230524_102113.jpg,data/segmented/data/TAMPAR/id_12_20230524_095709.jpg,1
train,data/segmented/data/TAMPAR/id_12_20230523_171551.jpg,data/segmented/data/TAMPAR/id_12_20230524_102110.jpg,1
train,data/segmented/data/TAMPAR/id_12_20230523_191121.jpg,data/segmented/data/TAMPAR/id_12_20230524_102110.jpg,1
train,data/segmented/data/TAMPAR/id_12_20230523_171555.jpg,data/segmented/data/TAMPAR/id_12_20230523_171611.jpg,1
train,data/segmented/data/TAMPAR/id_12_20230524_095702.jpg,data/segmented/data/TAMPAR/id_04_20230523_160725.jpg,0
train,data/segmented/data/TAMPAR/id_12_20230524_095705.jpg,data/segmented/data/TAMPAR/id_22_20230523_172339.jpg,0
train,data/segmented/data/TAMPAR/id_12_20230524_102120.jpg,data/segmented/data/TAMPAR/id_23_20230524_103803.jpg,0
train,data/segmented/data/TAMPAR/id_12_20230524_103655.jpg,data/segmented/data/TAMPAR/id_26_20230524_102904.jpg,0
train,data/segmented/data/TAMPAR/id_12_20230524_103646.jpg,data/segmented/data/TAMPAR/id_25_20230523_191855.jpg,0
test,data/segmented/data/TAMPAR/id_03_20230523_162929.jpg,data/segmented/data/TAMPAR/id_03_20230523_141739.jpg,1
test,data/segmented/data/TAMPAR/id_03_20230523_160646.jpg,data/segmented/data/TAMPAR/id_03_20230523_162934.jpg,1
test,data/segmented/data/TAMPAR/id_03_20230523_160701.jpg,data/segmented/data/TAMPAR/id_03_20230523_155640.jpg,1
test,data/segmented/data/TAMPAR/id_03_20230523_160640.jpg,data/segmented/data/TAMPAR/id_03_20230523_160701.jpg,1
test,data/segmented/data/TAMPAR/id_03_20230523_141739.jpg,data/segmented/data/TAMPAR/id_03_20230523_155726.jpg,1
test,data/segmented/data/TAMPAR/id_03_20230523_141758.jpg,data/segmented/data/TAMPAR/id_26_20230523_172238.jpg,0
test,data/segmented/data/TAMPAR/id_03_20230523_160710.jpg,data/segmented/data/TAMPAR/id_12_20230524_102116.jpg,0
test,data/segmented/data/TAMPAR/id_03_20230523_160710.jpg,data/segmented/data/TAMPAR/id_13_20230523_185300.jpg,0
test,data/segmented/data/TAMPAR/id_03_20230523_162914.jpg,data/segmented/data/TAMPAR/id_04_20230523_155553.jpg,0
test,data/segmented/data/TAMPAR/id_03_20230523_141753.jpg,data/segmented/data/TAMPAR/id_01_20230523_160447.jpg,0
train,data/segmented/data/TAMPAR/id_15_20230523_171914.jpg,data/segmented/data/TAMPAR/id_15_20230524_104314.jpg,1
train,data/segmented/data/TAMPAR/id_15_20230523_190726.jpg,data/segmented/data/TAMPAR/id_15_20230523_185436.jpg,1
train,data/segmented/data/TAMPAR/id_15_20230524_101912.jpg,data/segmented/data/TAMPAR/id_15_20230524_101904.jpg,1
train,data/segmented/data/TAMPAR/id_15_20230523_171910.jpg,data/segmented/data/TAMPAR/id_15_20230524_095948.jpg,1
train,data/segmented/data/TAMPAR/id_15_20230524_101912.jpg,data/segmented/data/TAMPAR/id_15_20230524_104322.jpg,1
train,data/segmented/data/TAMPAR/id_15_20230523_190726.jpg,data/segmented/data/drive/id_106_IMG_20251020_141630_BURST8.jpg,0
train,data/segmented/data/TAMPAR/id_15_20230523_171934.jpg,data/segmented/data/TAMPAR/id_03_20230523_160701.jpg,0
train,data/segmented/data/TAMPAR/id_15_20230524_104300.jpg,data/segmented/data/drive/id_106_IMG_20251020_141630_BURST20.jpg,0
train,data/segmented/data/TAMPAR/id_15_20230523_185431.jpg,data/segmented/data/drive/id_107_PXL_20251027_125708485.jpg,0
train,data/segmented/data/TAMPAR/id_15_20230523_185440.jpg,data/segmented/data/drive/id_503_IMG_20251024_172916104.jpg,0
train,data/segmented/data/TAMPAR/id_10_20230524_102515.jpg,data/segmented/data/TAMPAR/id_10_20230524_104524.jpg,1
train,data/segmented/data/TAMPAR/id_10_20230524_100239.jpg,data/segmented/data/TAMPAR/id_10_20230524_104528.jpg,1
train,data/segmented/data/TAMPAR/id_10_20230524_100250.jpg,data/segmented/data/TAMPAR/id_10_20230524_102501.jpg,1
train,data/segmented/data/TAMPAR/id_10_20230524_102519.jpg,data/segmented/data/TAMPAR/id_10_20230523_192039.jpg,1
train,data/segmented/data/TAMPAR/id_10_20230524_102519.jpg,data/segmented/data/TAMPAR/id_10_20230524_100246.jpg,1
train,data/segmented/data/TAMPAR/id_10_20230523_172759.jpg,data/segmented/data/TAMPAR/id_18_20230524_101840.jpg,0
train,data/segmented/data/TAMPAR/id_10_20230523_185521.jpg,data/segmented/data/TAMPAR/id_02_20230523_141548.jpg,0
train,data/segmented/data/TAMPAR/id_10_20230523_192021.jpg,data/segmented/data/TAMPAR/id_26_20230524_104350.jpg,0
train,data/segmented/data/TAMPAR/id_10_20230524_102512.jpg,data/segmented/data/TAMPAR/id_05_20230523_155809.jpg,0
train,data/segmented/data/TAMPAR/id_10_20230523_185517.jpg,data/segmented/data/TAMPAR/id_28_20230523_190612.jpg,0
train,data/segmented/data/TAMPAR/id_21_20230524_102541.jpg,data/segmented/data/TAMPAR/id_21_20230524_100753.jpg,1
train,data/segmented/data/TAMPAR/id_21_20230523_171806.jpg,data/segmented/data/TAMPAR/id_21_20230524_102556.jpg,1
train,data/segmented/data/TAMPAR/id_21_20230524_102536.jpg,data/segmented/data/TAMPAR/id_21_20230523_171814.jpg,1
train,data/segmented/data/TAMPAR/id_21_20230524_100805.jpg,data/segmented/data/TAMPAR/id_21_20230523_190905.jpg,1
train,data/segmented/data/TAMPAR/id_21_20230523_171840.jpg,data/segmented/data/TAMPAR/id_21_20230524_104817.jpg,1
train,data/segmented/data/TAMPAR/id_21_20230523_185013.jpg,data/segmented/data/TAMPAR/id_04_20230523_155609.jpg,0
train,data/segmented/data/TAMPAR/id_21_20230523_185013.jpg,data/segmented/data/drive/id_502_IMG_20251025_183452159.jpg,0
train,data/segmented/data/TAMPAR/id_21_20230523_171814.jpg,data/segmented/data/TAMPAR/id_19_20230524_102828.jpg,0
train,data/segmented/data/TAMPAR/id_21_20230524_104756.jpg,data/segmented/data/drive/id_501_IMG_3894.jpg,0
train,data/segmented/data/TAMPAR/id_21_20230524_104748.jpg,data/segmented/data/TAMPAR/id_04_20230523_160742.jpg,0
validation,data/segmented/data/TAMPAR/id_00_20230512_102328.jpg,data/segmented/data/TAMPAR/id_00_20230523_162414.jpg,1
validation,data/segmented/data/TAMPAR/id_00_20230512_102417.jpg,data/segmented/data/TAMPAR/id_00_20230523_162423.jpg,1
validation,data/segmented/data/TAMPAR/id_00_20230516_141401.jpg,data/segmented/data/TAMPAR/id_00_20230523_162414.jpg,1
validation,data/segmented/data/TAMPAR/id_00_20230523_160538.jpg,data/segmented/data/TAMPAR/id_00_20230523_160543.jpg,1
validation,data/segmented/data/TAMPAR/id_00_20230523_155111.jpg,data/segmented/data/TAMPAR/id_00_20230523_155115.jpg,1
validation,data/segmented/data/TAMPAR/id_00_20230523_155059.jpg,data/segmented/data/TAMPAR/id_15_20230524_104300.jpg,0
validation,data/segmented/data/TAMPAR/id_00_20230523_155106.jpg,data/segmented/data/TAMPAR/id_01_20230516_142029.jpg,0
validation,data/segmented/data/TAMPAR/id_00_20230512_102342.jpg,data/segmented/data/TAMPAR/id_04_20230523_155609.jpg,0
validation,data/segmented/data/TAMPAR/id_00_20230516_141314.jpg,data/segmented/data/TAMPAR/id_02_20230523_160355.jpg,0
validation,data/segmented/data/TAMPAR/id_00_20230523_155122.jpg,data/segmented/data/TAMPAR/id_17_20230523_190935.jpg,0
train,data/segmented/data/TAMPAR/id_27_20230524_102343.jpg,data/segmented/data/TAMPAR/id_27_20230524_102333.jpg,1
train,data/segmented/data/TAMPAR/id_27_20230523_172652.jpg,data/segmented/data/TAMPAR/id_27_20230524_100026.jpg,1
train,data/segmented/data/TAMPAR/id_27_20230524_102336.jpg,data/segmented/data/TAMPAR/id_27_20230523_185125.jpg,1
train,data/segmented/data/TAMPAR/id_27_20230523_172655.jpg,data/segmented/data/TAMPAR/id_27_20230523_190705.jpg,1
train,data/segmented/data/TAMPAR/id_27_20230524_103945.jpg,data/segmented/data/TAMPAR/id_27_20230523_190648.jpg,1
train,data/segmented/data/TAMPAR/id_27_20230524_100016.jpg,data/segmented/data/TAMPAR/id_15_20230524_095932.jpg,0
train,data/segmented/data/TAMPAR/id_27_20230524_102330.jpg,data/segmented/data/TAMPAR/id_21_20230524_102602.jpg,0
train,data/segmented/data/TAMPAR/id_27_20230523_190700.jpg,data/segmented/data/TAMPAR/id_17_20230524_104039.jpg,0
train,data/segmented/data/TAMPAR/id_27_20230523_172655.jpg,data/segmented/data/TAMPAR/id_03_20230523_155655.jpg,0
train,data/segmented/data/TAMPAR/id_27_20230523_190645.jpg,data/segmented/data/TAMPAR/id_01_20230523_160454.jpg,0
train,data/segmented/data/TAMPAR/id_09_20230523_160903.jpg,data/segmented/data/TAMPAR/id_09_20230523_141325.jpg,1
train,data/segmented/data/TAMPAR/id_09_20230523_155428.jpg,data/segmented/data/TAMPAR/id_09_20230523_155424.jpg,1
train,data/segmented/data/TAMPAR/id_09_20230523_160911.jpg,data/segmented/data/TAMPAR/id_09_20230523_162748.jpg,1
train,data/segmented/data/TAMPAR/id_09_20230523_160914.jpg,data/segmented/data/TAMPAR/id_09_20230523_141336.jpg,1
train,data/segmented/data/TAMPAR/id_09_20230523_155432.jpg,data/segmented/data/TAMPAR/id_09_20230523_160914.jpg,1
train,data/segmented/data/TAMPAR/id_09_20230523_162748.jpg,data/segmented/data/TAMPAR/id_24_20230523_171644.jpg,0
train,data/segmented/data/TAMPAR/id_09_20230523_160903.jpg,data/segmented/data/drive/id_103_IMG_4795.jpg,0
train,data/segmented/data/TAMPAR/id_09_20230523_162807.jpg,data/segmented/data/drive/id_110_signal-2024-08-12-12-08-03-175.jpg,0
train,data/segmented/data/TAMPAR/id_09_20230523_141301.jpg,data/segmented/data/drive/id_502_IMG_20251025_183627903.jpg,0
train,data/segmented/data/TAMPAR/id_09_20230523_155432.jpg,data/segmented/data/TAMPAR/id_25_20230524_100537.jpg,0
validation,data/segmented/data/TAMPAR/id_16_20230524_101633.jpg,data/segmented/data/TAMPAR/id_16_20230524_104226.jpg,1
validation,data/segmented/data/TAMPAR/id_16_20230524_104216.jpg,data/segmented/data/TAMPAR/id_16_20230523_172106.jpg,1
validation,data/segmented/data/TAMPAR/id_16_20230524_104241.jpg,data/segmented/data/TAMPAR/id_16_20230523_172103.jpg,1
validation,data/segmented/data/TAMPAR/id_16_20230523_191422.jpg,data/segmented/data/TAMPAR/id_16_20230524_100628.jpg,1
validation,data/segmented/data/TAMPAR/id_16_20230524_100618.jpg,data/segmented/data/TAMPAR/id_16_20230524_104219.jpg,1
validation,data/segmented/data/TAMPAR/id_16_20230524_100628.jpg,data/segmented/data/drive/id_106_IMG_20251020_141617_BURST18.jpg,0
validation,data/segmented/data/TAMPAR/id_16_20230524_101640.jpg,data/segmented/data/TAMPAR/id_01_20230523_160447.jpg,0
validation,data/segmented/data/TAMPAR/id_16_20230524_100635.jpg,data/segmented/data/TAMPAR/id_22_20230523_185328.jpg,0
validation,data/segmented/data/TAMPAR/id_16_20230524_100625.jpg,data/segmented/data/TAMPAR/id_25_20230524_100537.jpg,0
validation,data/segmented/data/TAMPAR/id_16_20230524_100641.jpg,data/segmented/data/TAMPAR/id_02_20230523_141518.jpg,0
validation,data/segmented/data/TAMPAR/id_05_20230523_155751.jpg,data/segmented/data/TAMPAR/id_05_20230523_155822.jpg,1
validation,data/segmented/data/TAMPAR/id_05_20230523_160620.jpg,data/segmented/data/TAMPAR/id_05_20230523_162302.jpg,1
validation,data/segmented/data/TAMPAR/id_05_20230523_155759.jpg,data/segmented/data/TAMPAR/id_05_20230523_155809.jpg,1
validation,data/segmented/data/TAMPAR/id_05_20230523_160620.jpg,data/segmented/data/TAMPAR/id_05_20230523_162236.jpg,1
validation,data/segmented/data/TAMPAR/id_05_20230523_160611.jpg,data/segmented/data/TAMPAR/id_05_20230523_141405.jpg,1
validation,data/segmented/data/TAMPAR/id_05_20230523_155759.jpg,data/segmented/data/drive/id_503_IMG_20251024_173001020.jpg,0
validation,data/segmented/data/TAMPAR/id_05_20230523_155759.jpg,data/segmented/data/TAMPAR/id_16_20230523_185737.jpg,0
validation,data/segmented/data/TAMPAR/id_05_20230523_162249.jpg,data/segmented/data/TAMPAR/id_17_20230523_171358.jpg,0
validation,data/segmented/data/TAMPAR/id_05_20230523_162236.jpg,data/segmented/data/TAMPAR/id_18_20230524_104557.jpg,0
validation,data/segmented/data/TAMPAR/id_05_20230523_141408.jpg,data/segmented/data/TAMPAR/id_19_20230523_172947.jpg,0
train,data/segmented/data/TAMPAR/id_07_20230523_160807.jpg,data/segmented/data/TAMPAR/id_07_20230523_155527.jpg,1
train,data/segmented/data/TAMPAR/id_07_20230523_162535.jpg,data/segmented/data/TAMPAR/id_07_20230523_155510.jpg,1
train,data/segmented/data/TAMPAR/id_07_20230523_162530.jpg,data/segmented/data/TAMPAR/id_07_20230523_141604.jpg,1
train,data/segmented/data/TAMPAR/id_07_20230523_155527.jpg,data/segmented/data/TAMPAR/id_07_20230523_162519.jpg,1
train,data/segmented/data/TAMPAR/id_07_20230523_160810.jpg,data/segmented/data/TAMPAR/id_07_20230523_160818.jpg,1
train,data/segmented/data/TAMPAR/id_07_20230523_141614.jpg,data/segmented/data/TAMPAR/id_00_20230523_160526.jpg,0
train,data/segmented/data/TAMPAR/id_07_20230523_155521.jpg,data/segmented/data/TAMPAR/id_24_20230524_100109.jpg,0
train,data/segmented/data/TAMPAR/id_07_20230523_141624.jpg,data/segmented/data/TAMPAR/id_17_20230524_102223.jpg,0
train,data/segmented/data/TAMPAR/id_07_20230523_141614.jpg,data/segmented/data/TAMPAR/id_15_20230523_171939.jpg,0
train,data/segmented/data/TAMPAR/id_07_20230523_141614.jpg,data/segmented/data/TAMPAR/id_28_20230523_190031.jpg,0
train,data/segmented/data/TAMPAR/id_26_20230523_191248.jpg,data/segmented/data/TAMPAR/id_26_20230523_172250.jpg,1
train,data/segmented/data/TAMPAR/id_26_20230523_191248.jpg,data/segmented/data/TAMPAR/id_26_20230524_101126.jpg,1
train,data/segmented/data/TAMPAR/id_26_20230524_104346.jpg,data/segmented/data/TAMPAR/id_26_20230524_102847.jpg,1
train,data/segmented/data/TAMPAR/id_26_20230523_185025.jpg,data/segmented/data/TAMPAR/id_26_20230523_191303.jpg,1
train,data/segmented/data/TAMPAR/id_26_20230523_185030.jpg,data/segmented/data/TAMPAR/id_26_20230524_102850.jpg,1
train,data/segmented/data/TAMPAR/id_26_20230524_102912.jpg,data/segmented/data/TAMPAR/id_18_20230524_104542.jpg,0
train,data/segmented/data/TAMPAR/id_26_20230523_172245.jpg,data/segmented/data/drive/id_100_20251105_165654.jpg,0
train,data/segmented/data/TAMPAR/id_26_20230524_102900.jpg,data/segmented/data/drive/id_106_IMG_20251020_141624_BURST7.jpg,0
train,data/segmented/data/TAMPAR/id_26_20230523_172241.jpg,data/segmented/data/TAMPAR/id_01_20230523_155225.jpg,0
train,data/segmented/data/TAMPAR/id_26_20230524_102850.jpg,data/segmented/data/TAMPAR/id_10_20230523_172730.jpg,0
train,data/segmented/data/TAMPAR/id_11_20230524_102952.jpg,data/segmented/data/TAMPAR/id_11_20230524_101044.jpg,1
train,data/segmented/data/TAMPAR/id_11_20230523_191335.jpg,data/segmented/data/TAMPAR/id_11_20230524_104448.jpg,1
train,data/segmented/data/TAMPAR/id_11_20230523_191344.jpg,data/segmented/data/TAMPAR/id_11_20230523_171500.jpg,1
train,data/segmented/data/TAMPAR/id_11_20230523_185949.jpg,data/segmented/data/TAMPAR/id_11_20230523_171443.jpg,1
train,data/segmented/data/TAMPAR/id_11_20230523_191332.jpg,data/segmented/data/TAMPAR/id_11_20230523_191348.jpg,1
train,data/segmented/data/TAMPAR/id_11_20230524_104429.jpg,data/segmented/data/TAMPAR/id_14_20230524_100423.jpg,0
train,data/segmented/data/TAMPAR/id_11_20230523_191332.jpg,data/segmented/data/drive/id_114_IMG_20240904_184140_990.jpg,0
train,data/segmented/data/TAMPAR/id_11_20230523_185954.jpg,data/segmented/data/TAMPAR/id_25_20230524_104627.jpg,0
train,data/segmented/data/TAMPAR/id_11_20230524_104424.jpg,data/segmented/data/TAMPAR/id_17_20230524_104042.jpg,0
train,data/segmented/data/TAMPAR/id_11_20230523_191326.jpg,data/segmented/data/drive/id_503_IMG_20251024_172850072.jpg,0
train,data/segmented/data/TAMPAR/id_25_20230523_185647.jpg,data/segmented/data/TAMPAR/id_25_20230523_191911.jpg,1
train,data/segmented/data/TAMPAR/id_25_20230523_191847.jpg,data/segmented/data/TAMPAR/id_25_20230523_185704.jpg,1
train,data/segmented/data/TAMPAR/id_25_20230523_191911.jpg,data/segmented/data/TAMPAR/id_25_20230523_185644.jpg,1
train,data/segmented/data/TAMPAR/id_25_20230523_172559.jpg,data/segmented/data/TAMPAR/id_25_20230523_191847.jpg,1
train,data/segmented/data/TAMPAR/id_25_20230523_172610.jpg,data/segmented/data/TAMPAR/id_25_20230524_100551.jpg,1
train,data/segmented/data/TAMPAR/id_25_20230524_102044.jpg,data/segmented/data/TAMPAR/id_07_20230523_160803.jpg,0
train,data/segmented/data/TAMPAR/id_25_20230523_185647.jpg,data/segmented/data/TAMPAR/id_21_20230523_184958.jpg,0
train,data/segmented/data/TAMPAR/id_25_20230524_100601.jpg,data/segmented/data/drive/id_502_IMG_20251025_183535182.jpg,0
train,data/segmented/data/TAMPAR/id_25_20230524_102028.jpg,data/segmented/data/TAMPAR/id_17_20230523_185157.jpg,0
train,data/segmented/data/TAMPAR/id_25_20230524_100554.jpg,data/segmented/data/TAMPAR/id_02_20230523_162844.jpg,0
train,data/segmented/data/TAMPAR/id_14_20230524_101959.jpg,data/segmented/data/TAMPAR/id_14_20230524_105051.jpg,1
train,data/segmented/data/TAMPAR/id_14_20230523_185812.jpg,data/segmented/data/TAMPAR/id_14_20230523_172514.jpg,1
train,data/segmented/data/TAMPAR/id_14_20230523_172514.jpg,data/segmented/data/TAMPAR/id_14_20230523_185807.jpg,1
train,data/segmented/data/TAMPAR/id_14_20230523_185752.jpg,data/segmented/data/TAMPAR/id_14_20230523_185816.jpg,1
train,data/segmented/data/TAMPAR/id_14_20230523_185821.jpg,data/segmented/data/TAMPAR/id_14_20230523_191200.jpg,1
train,data/segmented/data/TAMPAR/id_14_20230524_101948.jpg,data/segmented/data/TAMPAR/id_23_20230524_103800.jpg,0
train,data/segmented/data/TAMPAR/id_14_20230524_105044.jpg,data/segmented/data/drive/id_106_IMG_20251020_141624_BURST15.jpg,0
train,data/segmented/data/TAMPAR/id_14_20230523_185821.jpg,data/segmented/data/TAMPAR/id_02_20230523_160402.jpg,0
train,data/segmented/data/TAMPAR/id_14_20230524_105051.jpg,data/segmented/data/TAMPAR/id_29_20230524_101704.jpg,0
train,data/segmented/data/TAMPAR/id_14_20230524_105054.jpg,data/segmented/data/TAMPAR/id_28_20230523_172148.jpg,0
train,data/segmented/data/TAMPAR/id_08_20230523_141148.jpg,data/segmented/data/TAMPAR/id_08_20230523_160326.jpg,1
train,data/segmented/data/TAMPAR/id_08_20230523_162606.jpg,data/segmented/data/TAMPAR/id_08_20230523_141157.jpg,1
train,data/segmented/data/TAMPAR/id_08_20230523_141200.jpg,data/segmented/data/TAMPAR/id_08_20230523_160323.jpg,1
train,data/segmented/data/TAMPAR/id_08_20230523_141136.jpg,data/segmented/data/TAMPAR/id_08_20230523_162606.jpg,1
train,data/segmented/data/TAMPAR/id_08_20230523_160316.jpg,data/segmented/data/TAMPAR/id_08_20230523_162556.jpg,1
train,data/segmented/data/TAMPAR/id_08_20230523_155336.jpg,data/segmented/data/TAMPAR/id_23_20230524_102738.jpg,0
train,data/segmented/data/TAMPAR/id_08_20230523_160323.jpg,data/segmented/data/TAMPAR/id_14_20230523_185812.jpg,0
train,data/segmented/data/TAMPAR/id_08_20230523_141142.jpg,data/segmented/data/TAMPAR/id_13_20230523_191725.jpg,0
train,data/segmented/data/TAMPAR/id_08_20230523_141128.jpg,data/segmented/data/drive/id_114_IMG_20240904_184140_990.jpg,0
train,data/segmented/data/TAMPAR/id_08_20230523_155352.jpg,data/segmented/data/TAMPAR/id_04_20230523_160745.jpg,0
train,data/segmented/data/TAMPAR/id_17_20230523_190935.jpg,data/segmented/data/TAMPAR/id_17_20230523_190950.jpg,1
train,data/segmented/data/TAMPAR/id_17_20230524_104032.jpg,data/segmented/data/TAMPAR/id_17_20230524_104022.jpg,1
train,data/segmented/data/TAMPAR/id_17_20230524_102223.jpg,data/segmented/data/TAMPAR/id_17_20230523_185144.jpg,1
train,data/segmented/data/TAMPAR/id_17_20230523_190935.jpg,data/segmented/data/TAMPAR/id_17_20230524_095800.jpg,1
train,data/segmented/data/TAMPAR/id_17_20230524_104042.jpg,data/segmented/data/TAMPAR/id_17_20230524_102239.jpg,1
train,data/segmented/data/TAMPAR/id_17_20230523_190930.jpg,data/segmented/data/TAMPAR/id_20_20230524_100733.jpg,0
train,data/segmented/data/TAMPAR/id_17_20230524_104022.jpg,data/segmented/data/drive/id_106_IMG_20251020_141617_BURST14.jpg,0
train,data/segmented/data/TAMPAR/id_17_20230523_190950.jpg,data/segmented/data/TAMPAR/id_18_20230523_185616.jpg,0
train,data/segmented/data/TAMPAR/id_17_20230524_102218.jpg,data/segmented/data/TAMPAR/id_29_20230524_104052.jpg,0
train,data/segmented/data/TAMPAR/id_17_20230524_095747.jpg,data/segmented/data/TAMPAR/id_12_20230523_171555.jpg,0
train,data/segmented/data/TAMPAR/id_06_20230523_160249.jpg,data/segmented/data/TAMPAR/id_06_20230523_141649.jpg,1
train,data/segmented/data/TAMPAR/id_06_20230523_160243.jpg,data/segmented/data/TAMPAR/id_06_20230523_162709.jpg,1
train,data/segmented/data/TAMPAR/id_06_20230523_155309.jpg,data/segmented/data/TAMPAR/id_06_20230523_160301.jpg,1
train,data/segmented/data/TAMPAR/id_06_20230523_162721.jpg,data/segmented/data/TAMPAR/id_06_20230523_155313.jpg,1
train,data/segmented/data/TAMPAR/id_06_20230523_162724.jpg,data/segmented/data/TAMPAR/id_06_20230523_155323.jpg,1
train,data/segmented/data/TAMPAR/id_06_20230523_141649.jpg,data/segmented/data/TAMPAR/id_00_20230523_162403.jpg,0
train,data/segmented/data/TAMPAR/id_06_20230523_141653.jpg,data/segmented/data/TAMPAR/id_21_20230524_104745.jpg,0
train,data/segmented/data/TAMPAR/id_06_20230523_160249.jpg,data/segmented/data/TAMPAR/id_24_20230524_100123.jpg,0
train,data/segmented/data/TAMPAR/id_06_20230523_141653.jpg,data/segmented/data/TAMPAR/id_21_20230523_185004.jpg,0
train,data/segmented/data/TAMPAR/id_06_20230523_141659.jpg,data/segmented/data/TAMPAR/id_11_20230524_104439.jpg,0
train,data/segmented/data/TAMPAR/id_18_20230524_104600.jpg,data/segmented/data/TAMPAR/id_18_20230523_191038.jpg,1
train,data/segmented/data/TAMPAR/id_18_20230523_171747.jpg,data/segmented/data/TAMPAR/id_18_20230524_104603.jpg,1
train,data/segmented/data/TAMPAR/id_18_20230524_104600.jpg,data/segmented/data/TAMPAR/id_18_20230524_101824.jpg,1
train,data/segmented/data/TAMPAR/id_18_20230523_171747.jpg,data/segmented/data/TAMPAR/id_18_20230523_171730.jpg,1
train,data/segmented/data/TAMPAR/id_18_20230523_185627.jpg,data/segmented/data/TAMPAR/id_18_20230524_101820.jpg,1
train,data/segmented/data/TAMPAR/id_18_20230523_191038.jpg,data/segmented/data/TAMPAR/id_17_20230523_171402.jpg,0
train,data/segmented/data/TAMPAR/id_18_20230523_171747.jpg,data/segmented/data/TAMPAR/id_14_20230523_191204.jpg,0
train,data/segmented/data/TAMPAR/id_18_20230524_104600.jpg,data/segmented/data/TAMPAR/id_19_20230524_100947.jpg,0
train,data/segmented/data/TAMPAR/id_18_20230523_191034.jpg,data/segmented/data/drive/id_106_IMG_20251020_141624_BURST5.jpg,0
train,data/segmented/data/TAMPAR/id_18_20230524_104609.jpg,data/segmented/data/TAMPAR/id_05_20230523_141428.jpg,0
train,data/segmented/data/TAMPAR/id_24_20230523_171644.jpg,data/segmented/data/TAMPAR/id_24_20230523_191926.jpg,1
train,data/segmented/data/TAMPAR/id_24_20230524_101743.jpg,data/segmented/data/TAMPAR/id_24_20230523_171651.jpg,1
train,data/segmented/data/TAMPAR/id_24_20230524_104713.jpg,data/segmented/data/TAMPAR/id_24_20230524_101743.jpg,1
train,data/segmented/data/TAMPAR/id_24_20230524_104717.jpg,data/segmented/data/TAMPAR/id_24_20230523_171647.jpg,1
train,data/segmented/data/TAMPAR/id_24_20230523_185546.jpg,data/segmented/data/TAMPAR/id_24_20230524_100126.jpg,1
train,data/segmented/data/TAMPAR/id_24_20230523_185546.jpg,data/segmented/data/TAMPAR/id_00_20230523_160533.jpg,0
train,data/segmented/data/TAMPAR/id_24_20230523_171704.jpg,data/segmented/data/TAMPAR/id_13_20230523_185304.jpg,0
train,data/segmented/data/TAMPAR/id_24_20230524_100126.jpg,data/segmented/data/drive/id_106_IMG_20251020_141630_BURST20.jpg,0
train,data/segmented/data/TAMPAR/id_24_20230523_191926.jpg,data/segmented/data/TAMPAR/id_04_20230523_160721.jpg,0
train,data/segmented/data/TAMPAR/id_24_20230523_171657.jpg,data/segmented/data/TAMPAR/id_01_20230523_155225.jpg,0
train,data/segmented/data/TAMPAR/id_02_20230523_162840.jpg,data/segmented/data/TAMPAR/id_02_20230523_160411.jpg,1
train,data/segmented/data/TAMPAR/id_02_20230523_160359.jpg,data/segmented/data/TAMPAR/id_02_20230523_141508.jpg,1
train,data/segmented/data/TAMPAR/id_02_20230523_155203.jpg,data/segmented/data/TAMPAR/id_02_20230523_155200.jpg,1
train,data/segmented/data/TAMPAR/id_02_20230523_162844.jpg,data/segmented/data/TAMPAR/id_02_20230523_160402.jpg,1
train,data/segmented/data/TAMPAR/id_02_20230523_160411.jpg,data/segmented/data/TAMPAR/id_02_20230523_141529.jpg,1
train,data/segmented/data/TAMPAR/id_02_20230523_162840.jpg,data/segmented/data/TAMPAR/id_17_20230524_104025.jpg,0
train,data/segmented/data/TAMPAR/id_02_20230523_160423.jpg,data/segmented/data/TAMPAR/id_14_20230523_172501.jpg,0
train,data/segmented/data/TAMPAR/id_02_20230523_162840.jpg,data/segmented/data/TAMPAR/id_14_20230524_105044.jpg,0
train,data/segmented/data/TAMPAR/id_02_20230523_162840.jpg,data/segmented/data/TAMPAR/id_15_20230523_185431.jpg,0
train,data/segmented/data/TAMPAR/id_02_20230523_162836.jpg,data/segmented/data/TAMPAR/id_24_20230524_104727.jpg,0
train,data/segmented/data/TAMPAR/id_22_20230524_100457.jpg,data/segmented/data/TAMPAR/id_22_20230524_104148.jpg,1
train,data/segmented/data/TAMPAR/id_22_20230523_172327.jpg,data/segmented/data/TAMPAR/id_22_20230524_104154.jpg,1
train,data/segmented/data/TAMPAR/id_22_20230523_190823.jpg,data/segmented/data/TAMPAR/id_22_20230523_185338.jpg,1
train,data/segmented/data/TAMPAR/id_22_20230523_190823.jpg,data/segmented/data/TAMPAR/id_22_20230524_102252.jpg,1
train,data/segmented/data/TAMPAR/id_22_20230523_190810.jpg,data/segmented/data/TAMPAR/id_22_20230524_100457.jpg,1
train,data/segmented/data/TAMPAR/id_22_20230523_190819.jpg,data/segmented/data/TAMPAR/id_20_20230524_100733.jpg,0
train,data/segmented/data/TAMPAR/id_22_20230523_190823.jpg,data/segmented/data/TAMPAR/id_06_20230523_160246.jpg,0
train,data/segmented/data/TAMPAR/id_22_20230523_190823.jpg,data/segmented/data/TAMPAR/id_12_20230523_191117.jpg,0
train,data/segmented/data/TAMPAR/id_22_20230524_100507.jpg,data/segmented/data/TAMPAR/id_23_20230523_172856.jpg,0
train,data/segmented/data/TAMPAR/id_22_20230523_172336.jpg,data/segmented/data/TAMPAR/id_05_20230523_162249.jpg,0
test,data/segmented/data/TAMPAR/id_04_20230523_155609.jpg,data/segmented/data/TAMPAR/id_04_20230523_160728.jpg,1
test,data/segmented/data/TAMPAR/id_04_20230523_141236.jpg,data/segmented/data/TAMPAR/id_04_20230523_162648.jpg,1
test,data/segmented/data/TAMPAR/id_04_20230523_162633.jpg,data/segmented/data/TAMPAR/id_04_20230523_160742.jpg,1
test,data/segmented/data/TAMPAR/id_04_20230523_162648.jpg,data/segmented/data/TAMPAR/id_04_20230523_155614.jpg,1
test,data/segmented/data/TAMPAR/id_04_20230523_162636.jpg,data/segmented/data/TAMPAR/id_04_20230523_141229.jpg,1
test,data/segmented/data/TAMPAR/id_04_20230523_162627.jpg,data/segmented/data/drive/id_106_IMG_20251020_141624_BURST11.jpg,0
test,data/segmented/data/TAMPAR/id_04_20230523_160721.jpg,data/segmented/data/TAMPAR/id_15_20230523_190734.jpg,0
test,data/segmented/data/TAMPAR/id_04_20230523_162648.jpg,data/segmented/data/TAMPAR/id_18_20230524_095854.jpg,0
test,data/segmented/data/TAMPAR/id_04_20230523_160745.jpg,data/segmented/data/drive/id_503_IMG_20251024_173107773.jpg,0
test,data/segmented/data/TAMPAR/id_04_20230523_155557.jpg,data/segmented/data/TAMPAR/id_22_20230524_104148.jpg,0
test,data/segmented/data/TAMPAR/id_20_20230523_172425.jpg,data/segmented/data/TAMPAR/id_20_20230523_172432.jpg,1
test,data/segmented/data/TAMPAR/id_20_20230524_102620.jpg,data/segmented/data/TAMPAR/id_20_20230523_185855.jpg,1
test,data/segmented/data/TAMPAR/id_20_20230524_100724.jpg,data/segmented/data/TAMPAR/id_20_20230524_102643.jpg,1
test,data/segmented/data/TAMPAR/id_20_20230523_191524.jpg,data/segmented/data/TAMPAR/id_20_20230524_105135.jpg,1
test,data/segmented/data/TAMPAR/id_20_20230523_191508.jpg,data/segmented/data/TAMPAR/id_20_20230523_191524.jpg,1
test,data/segmented/data/TAMPAR/id_20_20230524_105155.jpg,data/segmented/data/TAMPAR/id_27_20230524_103941.jpg,0
test,data/segmented/data/TAMPAR/id_20_20230523_185847.jpg,data/segmented/data/TAMPAR/id_00_20230512_102353.jpg,0
test,data/segmented/data/TAMPAR/id_20_20230523_185912.jpg,data/segmented/data/TAMPAR/id_18_20230523_171728.jpg,0
test,data/segmented/data/TAMPAR/id_20_20230523_172432.jpg,data/segmented/data/drive/id_106_IMG_20251020_141617_BURST11.jpg,0
test,data/segmented/data/TAMPAR/id_20_20230524_102620.jpg,data/segmented/data/TAMPAR/id_18_20230524_095902.jpg,0
test,data/segmented/data/TAMPAR/id_28_20230524_102146.jpg,data/segmented/data/TAMPAR/id_28_20230524_105033.jpg,1
test,data/segmented/data/TAMPAR/id_28_20230523_190612.jpg,data/segmented/data/TAMPAR/id_28_20230524_102156.jpg,1
test,data/segmented/data/TAMPAR/id_28_20230524_102149.jpg,data/segmented/data/TAMPAR/id_28_20230523_190027.jpg,1
test,data/segmented/data/TAMPAR/id_28_20230524_105027.jpg,data/segmented/data/TAMPAR/id_28_20230524_105014.jpg,1
test,data/segmented/data/TAMPAR/id_28_20230524_105014.jpg,data/segmented/data/TAMPAR/id_28_20230523_190629.jpg,1
test,data/segmented/data/TAMPAR/id_28_20230524_105033.jpg,data/segmented/data/TAMPAR/id_13_20230524_102407.jpg,0
test,data/segmented/data/TAMPAR/id_28_20230523_190634.jpg,data/segmented/data/TAMPAR/id_26_20230523_172231.jpg,0
test,data/segmented/data/TAMPAR/id_28_20230524_102149.jpg,data/segmented/data/TAMPAR/id_22_20230523_172327.jpg,0
test,data/segmented/data/TAMPAR/id_28_20230523_172209.jpg,data/segmented/data/TAMPAR/id_13_20230523_185246.jpg,0
test,data/segmented/data/TAMPAR/id_28_20230524_095828.jpg,data/segmented/data/drive/id_106_IMG_20251020_141630_BURST13.jpg,0
train,data/segmented/data/TAMPAR/id_19_20230523_190145.jpg,data/segmented/data/TAMPAR/id_19_20230524_103846.jpg,1
train,data/segmented/data/TAMPAR/id_19_20230523_190150.jpg,data/segmented/data/TAMPAR/id_19_20230523_190141.jpg,1
train,data/segmented/data/TAMPAR/id_19_20230524_101008.jpg,data/segmented/data/TAMPAR/id_19_20230524_100958.jpg,1
train,data/segmented/data/TAMPAR/id_19_20230524_102828.jpg,data/segmented/data/TAMPAR/id_19_20230524_100954.jpg,1
train,data/segmented/data/TAMPAR/id_19_20230524_100943.jpg,data/segmented/data/TAMPAR/id_19_20230523_190205.jpg,1
train,data/segmented/data/TAMPAR/id_19_20230523_172950.jpg,data/segmented/data/TAMPAR/id_23_20230524_103817.jpg,0
train,data/segmented/data/TAMPAR/id_19_20230524_103904.jpg,data/segmented/data/TAMPAR/id_28_20230523_172148.jpg,0
train,data/segmented/data/TAMPAR/id_19_20230524_103907.jpg,data/segmented/data/TAMPAR/id_25_20230523_185653.jpg,0
train,data/segmented/data/TAMPAR/id_19_20230524_103849.jpg,data/segmented/data/TAMPAR/id_29_20230524_100139.jpg,0
train,data/segmented/data/TAMPAR/id_19_20230523_172947.jpg,data/segmented/data/TAMPAR/id_29_20230523_191802.jpg,0
test,data/segmented/data/TAMPAR/id_01_20230516_142657.jpg,data/segmented/data/TAMPAR/id_01_20230523_160451.jpg,1
test,data/segmented/data/TAMPAR/id_01_20230523_162459.jpg,data/segmented/data/TAMPAR/id_01_20230523_160440.jpg,1
test,data/segmented/data/TAMPAR/id_01_20230516_142123.jpg,data/segmented/data/TAMPAR/id_01_20230516_142107.jpg,1
test,data/segmented/data/TAMPAR/id_01_20230523_155243.jpg,data/segmented/data/TAMPAR/id_01_20230523_162456.jpg,1
test,data/segmented/data/TAMPAR/id_01_20230523_162446.jpg,data/segmented/data/TAMPAR/id_01_20230523_160434.jpg,1
test,data/segmented/data/TAMPAR/id_01_20230523_160430.jpg,data/segmented/data/TAMPAR/id_14_20230523_191200.jpg,0
test,data/segmented/data/TAMPAR/id_01_20230523_162507.jpg,data/segmented/data/TAMPAR/id_18_20230523_171744.jpg,0
test,data/segmented/data/TAMPAR/id_01_20230516_142710.jpg,data/segmented/data/drive/id_502_IMG_20251025_183338742.jpg,0
test,data/segmented/data/TAMPAR/id_01_20230516_142115.jpg,data/segmented/data/TAMPAR/id_10_20230524_102523.jpg,0
test,data/segmented/data/TAMPAR/id_01_20230516_142129.jpg,data/segmented/data/TAMPAR/id_07_20230523_160818.jpg,0
train,data/segmented/data/TAMPAR/id_13_20230523_172017.jpg,data/segmented/data/TAMPAR/id_13_20230524_103725.jpg,1
train,data/segmented/data/TAMPAR/id_13_20230524_103725.jpg,data/segmented/data/TAMPAR/id_13_20230523_191742.jpg,1
train,data/segmented/data/TAMPAR/id_13_20230524_100340.jpg,data/segmented/data/TAMPAR/id_13_20230524_103730.jpg,1
train,data/segmented/data/TAMPAR/id_13_20230523_185300.jpg,data/segmented/data/TAMPAR/id_13_20230524_102420.jpg,1
train,data/segmented/data/TAMPAR/id_13_20230524_100314.jpg,data/segmented/data/TAMPAR/id_13_20230524_103722.jpg,1
train,data/segmented/data/TAMPAR/id_13_20230523_191736.jpg,data/segmented/data/drive/id_121_IMG_0704.jpg,0
train,data/segmented/data/TAMPAR/id_13_20230523_185300.jpg,data/segmented/data/TAMPAR/id_21_20230524_100816.jpg,0
train,data/segmented/data/TAMPAR/id_13_20230524_100309.jpg,data/segmented/data/TAMPAR/id_26_20230524_104407.jpg,0
train,data/segmented/data/TAMPAR/id_13_20230524_102415.jpg,data/segmented/data/TAMPAR/id_22_20230523_172322.jpg,0
train,data/segmented/data/TAMPAR/id_13_20230524_100340.jpg,data/segmented/data/TAMPAR/id_05_20230523_141358.jpg,0
